<?xml version="1.0" encoding="UTF-8"?>
<definitions xmlns="http://www.omg.org/spec/BPMN/20100524/MODEL" xmlns:xsi="http://www.w3.org/2001/XMLSchema-instance" xmlns:xsd="http://www.w3.org/2001/XMLSchema" xmlns:activiti="http://activiti.org/bpmn" xmlns:bpmndi="http://www.omg.org/spec/BPMN/20100524/DI" xmlns:omgdc="http://www.omg.org/spec/DD/20100524/DC" xmlns:omgdi="http://www.omg.org/spec/DD/20100524/DI" typeLanguage="http://www.w3.org/2001/XMLSchema" expressionLanguage="http://www.w3.org/1999/XPath" targetNamespace="http://www.someco.com/alfresco/workflows/1.0/publishWhitepaper">
  <process id="publishWhitepaper" name="Publish Whitepaper" isExecutable="true">
    <startEvent id="start" name="Start" activiti:formKey="wf:submitReviewTask"></startEvent>
    <parallelGateway id="parallelgateway1" name="Parallel Gateway"></parallelGateway>
    <sequenceFlow id="flow1" sourceRef="start" targetRef="submit"></sequenceFlow>
    <sequenceFlow id="flow2" sourceRef="parallelgateway1" targetRef="marketingReview"></sequenceFlow>
    <sequenceFlow id="flow3" sourceRef="parallelgateway1" targetRef="operationReview"></sequenceFlow>
    <parallelGateway id="parallelgateway2" name="Parallel Gateway"></parallelGateway>
    <sequenceFlow id="flow4" sourceRef="marketingReview" targetRef="parallelgateway2"></sequenceFlow>
    <sequenceFlow id="flow5" sourceRef="operationReview" targetRef="parallelgateway2"></sequenceFlow>
    <endEvent id="endevent1" name="End"></endEvent>
    <userTask id="marketingReview" name="Marketing Review" activiti:candidateGroups="GROUP_Marketing" activiti:formKey="scwf:reviewTask">
      <extensionElements>
        <activiti:taskListener event="complete" class="org.alfresco.repo.workflow.activiti.tasklistener.ScriptTaskListener">
          <activiti:field name="script">
            <activiti:string><![CDATA[if (task.getVariable('wf_reviewOutcome') == 'Approve') {
  var newApproveCount = scwf_approveCount + 1;
  execution.setVariable("scwf_approveCount", newApproveCount);
}
if (newApproveCount >= 2) { execution.setVariable("validated", true); }
else { execution.setVariable("validated", false); }
]]></activiti:string>
          </activiti:field>
        </activiti:taskListener>
      </extensionElements>
    </userTask>
    <userTask id="operationReview" name="Operation Review" activiti:candidateGroups="GROUP_Operation" activiti:formKey="scwf:reviewTask">
      <extensionElements>
        <activiti:taskListener event="complete" class="org.alfresco.repo.workflow.activiti.tasklistener.ScriptTaskListener">
          <activiti:field name="script">
            <activiti:string><![CDATA[if (task.getVariable('wf_reviewOutcome') == 'Approve') {
  var newApproveCount = scwf_approveCount + 1;
  execution.setVariable("scwf_approveCount", newApproveCount);
}
if (newApproveCount >= 2) { execution.setVariable("validated", true); }
else { execution.setVariable("validated", false); }
]]></activiti:string>
          </activiti:field>
        </activiti:taskListener>
      </extensionElements>
    </userTask>
    <userTask id="approved" name="Approved" activiti:assignee="${bpm_assignee.properties.userName}" activiti:formKey="wf:adhocTask">
      <extensionElements>
        <activiti:taskListener event="complete" class="org.alfresco.repo.workflow.activiti.tasklistener.ScriptTaskListener">
          <activiti:field name="script">
            <activiti:string><![CDATA[var setWebFlagAction = actions.create("set-web-flag");
setWebFlagAction.parameters["active"] = true;
for (var i = 0; i < bpm_package.children.length; i++) {
  logger.log("Approving whitepaper:" + bpm_package.children[i].nodeRef);
  setWebFlagAction.execute(bpm_package.children[i]);
}]]></activiti:string>
          </activiti:field>
        </activiti:taskListener>
      </extensionElements>
    </userTask>
    <exclusiveGateway id="exclusivegateway1" name="Exclusive Gateway"></exclusiveGateway>
    <sequenceFlow id="flow6" sourceRef="parallelgateway2" targetRef="exclusivegateway1"></sequenceFlow>
    <sequenceFlow id="flow7" sourceRef="exclusivegateway1" targetRef="approved">
      <conditionExpression xsi:type="tFormalExpression"><![CDATA[${validated}]]></conditionExpression>
    </sequenceFlow>
    <sequenceFlow id="flow8" sourceRef="approved" targetRef="endevent1"></sequenceFlow>
    <sequenceFlow id="flow9" sourceRef="exclusivegateway1" targetRef="revise">
      <conditionExpression xsi:type="tFormalExpression"><![CDATA[${!validated}]]></conditionExpression>
    </sequenceFlow>
    <userTask id="revise" name="Revise" activiti:assignee="${initiator.properties.userName}" activiti:formKey="wf:adhocTask"></userTask>
    <sequenceFlow id="flow10" sourceRef="revise" targetRef="submit"></sequenceFlow>
    <sequenceFlow id="flow11" sourceRef="submit" targetRef="parallelgateway1"></sequenceFlow>
    <serviceTask id="submit" name="Submit" activiti:class="org.alfresco.repo.workflow.activiti.script.AlfrescoScriptDelegate">
      <extensionElements>
        <activiti:field name="script">
          <activiti:string><![CDATA[logger.log("Submit whitepaper!");
execution.setVariable("scwf_approveCount", 0);]]></activiti:string>
        </activiti:field>
      </extensionElements>
    </serviceTask>
  </process>
  <bpmndi:BPMNDiagram id="BPMNDiagram_publishWhitepaper">
    <bpmndi:BPMNPlane bpmnElement="publishWhitepaper" id="BPMNPlane_publishWhitepaper">
      <bpmndi:BPMNShape bpmnElement="start" id="BPMNShape_start">
        <omgdc:Bounds height="35.0" width="35.0" x="45.0" y="10.0"></omgdc:Bounds>
      </bpmndi:BPMNShape>
      <bpmndi:BPMNShape bpmnElement="parallelgateway1" id="BPMNShape_parallelgateway1">
        <omgdc:Bounds height="40.0" width="40.0" x="170.0" y="80.0"></omgdc:Bounds>
      </bpmndi:BPMNShape>
      <bpmndi:BPMNShape bpmnElement="parallelgateway2" id="BPMNShape_parallelgateway2">
        <omgdc:Bounds height="40.0" width="40.0" x="410.0" y="80.0"></omgdc:Bounds>
      </bpmndi:BPMNShape>
      <bpmndi:BPMNShape bpmnElement="endevent1" id="BPMNShape_endevent1">
        <omgdc:Bounds height="35.0" width="35.0" x="635.0" y="166.0"></omgdc:Bounds>
      </bpmndi:BPMNShape>
      <bpmndi:BPMNShape bpmnElement="marketingReview" id="BPMNShape_marketingReview">
        <omgdc:Bounds height="55.0" width="105.0" x="260.0" y="73.0"></omgdc:Bounds>
      </bpmndi:BPMNShape>
      <bpmndi:BPMNShape bpmnElement="operationReview" id="BPMNShape_operationReview">
        <omgdc:Bounds height="55.0" width="105.0" x="260.0" y="140.0"></omgdc:Bounds>
      </bpmndi:BPMNShape>
      <bpmndi:BPMNShape bpmnElement="approved" id="BPMNShape_approved">
        <omgdc:Bounds height="55.0" width="105.0" x="600.0" y="72.0"></omgdc:Bounds>
      </bpmndi:BPMNShape>
      <bpmndi:BPMNShape bpmnElement="exclusivegateway1" id="BPMNShape_exclusivegateway1">
        <omgdc:Bounds height="40.0" width="40.0" x="500.0" y="80.0"></omgdc:Bounds>
      </bpmndi:BPMNShape>
      <bpmndi:BPMNShape bpmnElement="revise" id="BPMNShape_revise">
        <omgdc:Bounds height="55.0" width="105.0" x="468.0" y="210.0"></omgdc:Bounds>
      </bpmndi:BPMNShape>
      <bpmndi:BPMNShape bpmnElement="submit" id="BPMNShape_submit">
        <omgdc:Bounds height="55.0" width="105.0" x="10.0" y="73.0"></omgdc:Bounds>
      </bpmndi:BPMNShape>
      <bpmndi:BPMNEdge bpmnElement="flow1" id="BPMNEdge_flow1">
        <omgdi:waypoint x="62.0" y="45.0"></omgdi:waypoint>
        <omgdi:waypoint x="62.0" y="73.0"></omgdi:waypoint>
      </bpmndi:BPMNEdge>
      <bpmndi:BPMNEdge bpmnElement="flow2" id="BPMNEdge_flow2">
        <omgdi:waypoint x="210.0" y="100.0"></omgdi:waypoint>
        <omgdi:waypoint x="260.0" y="100.0"></omgdi:waypoint>
      </bpmndi:BPMNEdge>
      <bpmndi:BPMNEdge bpmnElement="flow3" id="BPMNEdge_flow3">
        <omgdi:waypoint x="190.0" y="120.0"></omgdi:waypoint>
        <omgdi:waypoint x="190.0" y="167.0"></omgdi:waypoint>
        <omgdi:waypoint x="260.0" y="167.0"></omgdi:waypoint>
      </bpmndi:BPMNEdge>
      <bpmndi:BPMNEdge bpmnElement="flow4" id="BPMNEdge_flow4">
        <omgdi:waypoint x="365.0" y="100.0"></omgdi:waypoint>
        <omgdi:waypoint x="410.0" y="100.0"></omgdi:waypoint>
      </bpmndi:BPMNEdge>
      <bpmndi:BPMNEdge bpmnElement="flow5" id="BPMNEdge_flow5">
        <omgdi:waypoint x="365.0" y="167.0"></omgdi:waypoint>
        <omgdi:waypoint x="430.0" y="167.0"></omgdi:waypoint>
        <omgdi:waypoint x="430.0" y="120.0"></omgdi:waypoint>
      </bpmndi:BPMNEdge>
      <bpmndi:BPMNEdge bpmnElement="flow6" id="BPMNEdge_flow6">
        <omgdi:waypoint x="450.0" y="100.0"></omgdi:waypoint>
        <omgdi:waypoint x="500.0" y="100.0"></omgdi:waypoint>
      </bpmndi:BPMNEdge>
      <bpmndi:BPMNEdge bpmnElement="flow7" id="BPMNEdge_flow7">
        <omgdi:waypoint x="540.0" y="100.0"></omgdi:waypoint>
        <omgdi:waypoint x="600.0" y="99.0"></omgdi:waypoint>
      </bpmndi:BPMNEdge>
      <bpmndi:BPMNEdge bpmnElement="flow8" id="BPMNEdge_flow8">
        <omgdi:waypoint x="652.0" y="127.0"></omgdi:waypoint>
        <omgdi:waypoint x="652.0" y="166.0"></omgdi:waypoint>
      </bpmndi:BPMNEdge>
      <bpmndi:BPMNEdge bpmnElement="flow9" id="BPMNEdge_flow9">
        <omgdi:waypoint x="520.0" y="120.0"></omgdi:waypoint>
        <omgdi:waypoint x="520.0" y="183.0"></omgdi:waypoint>
        <omgdi:waypoint x="520.0" y="210.0"></omgdi:waypoint>
      </bpmndi:BPMNEdge>
      <bpmndi:BPMNEdge bpmnElement="flow10" id="BPMNEdge_flow10">
        <omgdi:waypoint x="468.0" y="237.0"></omgdi:waypoint>
        <omgdi:waypoint x="62.0" y="237.0"></omgdi:waypoint>
        <omgdi:waypoint x="62.0" y="128.0"></omgdi:waypoint>
      </bpmndi:BPMNEdge>
      <bpmndi:BPMNEdge bpmnElement="flow11" id="BPMNEdge_flow11">
        <omgdi:waypoint x="115.0" y="100.0"></omgdi:waypoint>
        <omgdi:waypoint x="170.0" y="100.0"></omgdi:waypoint>
      </bpmndi:BPMNEdge>
    </bpmndi:BPMNPlane>
  </bpmndi:BPMNDiagram>
</definitions>